"run","tick","MeanDealerPerCustomer","MinDealerPercustomer","MaxDealerPerCustomer","VarDealerPerCustomer","StdDealerPerCustomer","MeanSocialNetDegree","MinSocialNetDegree","MaxSocialNetDegree","VarSocialNetDegree","StdSocialNetDegree","TotalCudntBuyDrug","TotalMoneySpendToday","TotalTaxCollectedToday","TotalTaxPaidToday","TotalUnitsPurchasedToday","TotalDrugConsumedToday","CumMoneySpend","CumTaxCollected","CumTaxPaid","CumUnitsPurchased","CumDrugConsumed"
1,0.0,0.8359999999999999,0.0,11.0,1.8087214428857723,1.344887148754784,8.047999999999998,1.0,17.0,7.448593186372744,2.7292110923072155,0.0,0.0,0.0,0.0,0.0,0.0,0.0,0.0,0.0,0.0,0.0
1,48.0,0.8259999999999998,0.0,11.0,1.7872985971943869,1.336898873211578,8.047999999999998,1.0,17.0,7.448593186372744,2.7292110923072155,22.0,57360.0,5680.0,5680.0,5736.0,5552.0,57360.0,5680.0,5680.0,5736.0,5552.0
1,96.0,0.8259999999999998,0.0,11.0,1.7872985971943869,1.336898873211578,8.047999999999998,1.0,17.0,7.448593186372744,2.7292110923072155,24.0,57120.0,5940.0,5940.0,5712.0,5772.0,114480.0,11620.0,11620.0,11448.0,11324.0
