"run","tick","MeanDealerPerCustomer","MinDealerPercustomer","MaxDealerPerCustomer","VarDealerPerCustomer","StdDealerPerCustomer","MeanSocialNetDegree","MinSocialNetDegree","MaxSocialNetDegree","VarSocialNetDegree","StdSocialNetDegree","TotalCudntBuyDrug","TotalMoneySpendToday","TotalTaxCollectedToday","TotalTaxPaidToday","TotalUnitsPurchasedToday","TotalDrugConsumedToday","CumMoneySpend","CumTaxCollected","CumTaxPaid","CumUnitsPurchased","CumDrugConsumed"
1,0.0,0.7800000000000001,0.0,8.0,1.5026052104208414,1.2258079826876807,7.935999999999998,2.0,17.0,7.210324649298601,2.6852047685974716,0.0,0.0,0.0,0.0,0.0,0.0,0.0,0.0,0.0,0.0,0.0
1,48.0,0.7800000000000001,0.0,8.0,1.5026052104208414,1.2258079826876807,7.935999999999998,2.0,17.0,7.210324649298601,2.6852047685974716,27.0,56760.0,5820.0,5820.0,5676.0,5589.25,56760.0,5820.0,5820.0,5676.0,5589.25
1,96.0,0.7800000000000001,0.0,8.0,1.5026052104208414,1.2258079826876807,7.935999999999998,2.0,17.0,7.210324649298601,2.6852047685974716,26.0,56880.0,6240.0,6240.0,5688.0,5723.25,113640.0,12060.0,12060.0,11364.0,11312.5
