"run","tick","NumDealers","MeanDegree","MinDegree","MaxDegree","VarDegree","StdDegree","MeanUnitsToSell","MinUnitsToSell","MaxUnitsToSell","VarUnitsToSell","StdUnitsToSell","MeanSalesToday","MinSalesToday","MaxSalesToday","VarSalesToday","StdSalesToday","MeanDealsToday","MinDealsToday","MaxDealsToday","VarDealsToday","StdDealsToday","PoliceArrestToday","SurplusDropoutToday","NoCustomerDropoutToday"
1,0.0,100,4.179999999999998,0.0,9.0,3.8258585858585876,1.9559802110089426,12.0,12.0,12.0,0.0,0.0,0.0,0.0,0.0,0.0,0.0,0.0,0.0,0.0,0.0,0.0,0.0,0.0,0.0
1,48.0,99,4.171717171717172,0.0,9.0,3.857967429396002,1.9641709267260836,12.0,12.0,12.0,0.0,0.0,57.93939393939396,0.0,252.0,2559.792207792208,50.594389093971756,4.828282828282827,0.0,21.0,17.776334776334778,4.216199091164313,1.0,0.0,0.0
1,96.0,99,4.171717171717172,0.0,9.0,3.857967429396002,1.9641709267260836,12.0,12.0,12.0,0.0,0.0,57.69696969696971,0.0,204.0,2250.152133580705,47.43576850416471,4.808080808080808,0.0,17.0,15.626056483199338,3.9529807086803928,0.0,0.0,0.0
