"run","tick","NumDealers","MeanDegree","MinDegree","MaxDegree","VarDegree","StdDegree","MeanUnitsToSell","MinUnitsToSell","MaxUnitsToSell","VarUnitsToSell","StdUnitsToSell","MeanSalesToday","MinSalesToday","MaxSalesToday","VarSalesToday","StdSalesToday","MeanDealsToday","MinDealsToday","MaxDealsToday","VarDealsToday","StdDealsToday","PoliceArrestToday","SurplusDropoutToday","NoCustomerDropoutToday"
1,0.0,100,3.8999999999999995,0.0,11.0,4.151515151515151,2.0375267241229382,12.0,12.0,12.0,0.0,0.0,0.0,0.0,0.0,0.0,0.0,0.0,0.0,0.0,0.0,0.0,0.0,0.0,0.0
1,48.0,100,3.8999999999999995,0.0,11.0,4.151515151515151,2.0375267241229382,12.0,12.0,12.0,0.0,0.0,56.76,0.0,264.0,2335.5781818181813,48.32781995722734,4.730000000000003,0.0,22.0,16.219292929292926,4.027318329768945,0.0,0.0,0.0
1,96.0,100,3.8999999999999995,0.0,11.0,4.151515151515151,2.0375267241229382,12.0,12.0,12.0,0.0,0.0,56.879999999999995,0.0,192.0,2087.6218181818194,45.69050030566331,4.740000000000001,0.0,16.0,14.497373737373742,3.807541692138609,0.0,0.0,0.0
